tweet_id,author_id,created_at,text,retweet_count,reply_count,like_count,quote_count,start_time,end_time
1982725628194639938,1437304892704493571,2025-10-27 08:26:41+00:00,Money heist featuring @zomatocare @zomato by @deepigoyal... https://t.co/AzvF4kn31l,0,0,0,0,2025-10-25,2025-10-27
1982725436707672175,2933059808,2025-10-27 08:25:56+00:00,"🚨 [PART 2/2] Zomato CEO Deepinder Goyal has launched a $25 million fund through his initiative, Continue Research, to support global research on human ageing.

Continue started two years ago to study the human body as a system and identify points that influence ageing. The https://t.co/nMeT7InE8H",0,0,0,0,2025-10-25,2025-10-27
1982725347939348616,2933059808,2025-10-27 08:25:34+00:00,"🚨 [PART 1/2] Zomato CEO Deepinder Goyal has launched a $25 million fund through his initiative, Continue Research, to support global research on human ageing.

Continue started two years ago to study the human body as a system and identify points that influence ageing. The https://t.co/ljymyEAi6C",0,1,0,0,2025-10-25,2025-10-27
1982724977393901973,1720665183188922368,2025-10-27 08:24:06+00:00,"@SamWaltman_ @samidhas Based on 2025 market data, Blinkit (Zomato) leads with ~46% share, strong logistics integration, and proven scaling, positioning it for sustained growth through 2028. Zepto follows closely with aggressive expansion, while Amazon's entry adds competition.",0,0,0,0,2025-10-25,2025-10-27
1982724670874128421,37421915,2025-10-27 08:22:53+00:00,"@Google @GoogleIndia @Android @AndroidDev @sundarpichai 

All the phone calls made by any delivery service, Swiggy, Zomato, Uber, Flipkart, Amazon etc are getting marked as Spam in the Phone app by default. I have lost deliveries, cabs because of this. Needs to be looked into.",0,0,0,1,2025-10-25,2025-10-27
1982724600711766340,1959555341009690624,2025-10-27 08:22:36+00:00,"#boycott_zomato
@zomatocare 
@zomato
Order - 7419066452
A messy spilled order is delivered to me.. when contacted customer support they asked for images multiple times and then closed the case by saying they will share feedback and nothing else..
#stopfoolingcustomers",0,2,0,0,2025-10-25,2025-10-27
1982723379934224413,1676880005517955072,2025-10-27 08:17:45+00:00,"🍪☀️ Perfect Cookies Make Every Morning Better! ☀️🍪
#sangambakesandcakes #freshlybaked #cookieslove #bakersofhyderabad #hyderabadeats #bakedgoodness #sweetcravings #cookieheaven #desserttime #foodiesofhyderabad #swiggy #zomato  #morningvibes #deliciousbites #sangamgroup https://t.co/7IvTZg48uq",0,0,0,0,2025-10-25,2025-10-27
1982723136136352043,1437304892704493571,2025-10-27 08:16:47+00:00,@deepigoyal @zomato is looting money from common man through trash foods and doubling revenue in stock market.Just look at the trend. https://t.co/JCpEXXmqwr,0,0,0,0,2025-10-25,2025-10-27
1982722641736917099,1679886879074979841,2025-10-27 08:14:49+00:00,@zomatocare @zomato @deepigoyal Okay,0,0,0,0,2025-10-25,2025-10-27
1982722127330713674,1087943424265912321,2025-10-27 08:12:47+00:00,"""Sleep 8 hours, but dream 24x7"" I saw this on Zomato, quite fitting as I am always dreaming of my next meal lol",0,1,0,0,2025-10-25,2025-10-27
1982722114106073417,1818104324515680256,2025-10-27 08:12:43+00:00,"@zomato @zomatocare I was scrolling through, this food in my cart ordered and I wanted to cancel this but none of your customer care helped, neither resturant picked the call. Instead they forced me to take the order. What a shitty service and pathetic system you have. Wtf ?? https://t.co/UY5X84wXhv",0,1,0,0,2025-10-25,2025-10-27
1982722063631778293,1696957253616799744,2025-10-27 08:12:31+00:00,"Very bad experience from Haldiram that too through Zomato…
Sub-standard food… noodles without salt and garlic… only red chilli put in whole sale.
Missing items…. Nobody ready to review and take responsibility….
It seems they are overloaded so quality is underloaded…",0,1,0,0,2025-10-25,2025-10-27
1982721909629517993,15656642,2025-10-27 08:11:55+00:00,"From a basement idea to a billion-dollar public company: This is the 'Unseen' journey of the Zomato CEO. @deepigoyal @MeghaVishwanath

Read the news here: 
https://t.co/NYXyDhK75G

https://t.co/o2MCk6rvUU

https://t.co/n9gW6XtOFv

https://t.co/aHFZ1UKEnF

#Zomato #penguinindia",0,0,1,0,2025-10-25,2025-10-27
1982721814628630528,2904956894,2025-10-27 08:11:32+00:00,"Eternal (Zomato)

Q2 demonstrated substantial top-line expansion (183% YoY &amp; 90% QoQ, surpassing analyst expectations in YoY growth by over 56%)

Extensive revenue growth was driven by rapid scaling of Blinkit &amp; shift to inventory-led model

However, profitability was negatively",0,0,0,0,2025-10-25,2025-10-27
1982720024885510515,356129039,2025-10-27 08:04:25+00:00,"@SwiggyCares finally, Bye Bye @SwiggyCares @Swiggy 

let's be with @zomato only. https://t.co/CDqLINJk9A",0,2,0,0,2025-10-25,2025-10-27
1982719018097410197,1437304892704493571,2025-10-27 08:00:25+00:00,"@deepigoyal @zomato now a days is just a platform to make money for you by cutting pockets of common people?
Resolution awaited for worst quality food for 6 days.",0,0,0,0,2025-10-25,2025-10-27
1982718463274889323,843172594362781697,2025-10-27 07:58:13+00:00,Its been a week and the issue was not resolved. what kind of service u are providing. @zomato @zomatocare,0,0,0,0,2025-10-25,2025-10-27
1982718263642771785,1505446563568504834,2025-10-27 07:57:25+00:00,I'm an extremely picky eater. But never in my life have I told my mum(directly/indirectly) to cook something else for me. I'd rather do it myself or order from zomato/swiggy. https://t.co/x1k5tc4r1v,0,0,5,0,2025-10-25,2025-10-27
1982718165671923906,843172594362781697,2025-10-27 07:57:02+00:00,"@Zomato Where is my order? The delivery guy took my Domino's pizza (Order ID: 7391160939) back, but somehow the app marked it as 'Delivered'. I paid for a product I never got. This is fraud. Please look into this right now and process my refund immediately. @zomatocare",0,3,0,1,2025-10-25,2025-10-27
1982717636388737073,1982710666193735680,2025-10-27 07:54:56+00:00,Healthy Food#Siddu#Himachali Dish#Delhi#Zomato#Mr.Perfectionist @imVkohli @zomato https://t.co/J07tf2xokl,0,0,0,0,2025-10-25,2025-10-27
1982716274397622499,1387584817760403457,2025-10-27 07:49:31+00:00,"I did not buy Zomato, Paytm, Ola during IPO and buying lenskart too. The new age companies are fraud.",0,0,0,0,2025-10-25,2025-10-27
1982716265475998044,3732638712,2025-10-27 07:49:29+00:00,Did Zomato seriously remove restaurant reviews? That was the only reason I used it instead of Swiggy. No reviews = no trust. Time to uninstall. @zomato please fix this.,0,1,0,0,2025-10-25,2025-10-27
1982715442167992615,1583032974160764929,2025-10-27 07:46:13+00:00,@CreditCardsInd Both swiggy nd zomato does the same even few others.,0,0,1,0,2025-10-25,2025-10-27
1982714935781253177,117708749,2025-10-27 07:44:12+00:00,"why #OlaElectric does'nt seem to be next #Zomato ?
With Zomato there wasn't a problem of customer dissatisfaction, technology maturity... Ola is still struggling with customer complaints, their scooter peformance seems below par, their new launches failing to make mark.",0,1,1,0,2025-10-25,2025-10-27
1982713524108628479,1685205746579857408,2025-10-27 07:38:35+00:00,"@mannupaaji Blinkit, Instamart, zomato",0,0,1,0,2025-10-25,2025-10-27
1982713515619369229,967246921,2025-10-27 07:38:33+00:00,"I am writing to propose a discussion regarding an exciting new venture: a high-speed garments
(12 hour to 24 hours) 
delivery business in Jaipur city, modelled on the 'Blinkit' concept for the Men's and Women's wear segments. 
@zomato @zomatocare @niteshzomato",0,1,1,0,2025-10-25,2025-10-27
1982712961056805045,1567346760032620547,2025-10-27 07:36:21+00:00,"Nothingggg, just zomato being the kindest in the chaos!💟 https://t.co/0xzormaQ1j",0,1,5,0,2025-10-25,2025-10-27
1982712567958290805,1433317539925352448,2025-10-27 07:34:47+00:00,@zomatocare hi zomato i order burger fries and coke from burger king with order ID 7417248165 in that i recieve uncooked fries with photo https://t.co/LY77PzbVeV,0,1,0,0,2025-10-25,2025-10-27
1982711981665829288,1457029173726244869,2025-10-27 07:32:28+00:00,@zomatocare @zomato still no reply from zomato,0,1,0,0,2025-10-25,2025-10-27
1982711365732057155,1838127279295143936,2025-10-27 07:30:01+00:00,"Day 151, Bought protein from Blinkit ID 1041299582 on 27 May Product arrived old packaging worn 30 May Found hole leaking Tried customer care no resolution Request replacement  @letsblinkit @blinkitcares @zomato @zomatocare",0,0,0,0,2025-10-25,2025-10-27
1982711351589077409,1725787720851595264,2025-10-27 07:29:57+00:00,@zomatocare @deepigoyal Getting no orders again what is this . In Diwali also Zomato you promised to pay 1500-2000 in a day but to earn 500 was hard . Again getting no orders please check and rectify my ID is 4154418 .,0,0,0,0,2025-10-25,2025-10-27
1982710684438655212,75740148,2025-10-27 07:27:18+00:00,"Everyone’s spinning up MCP servers these days  even for food delivery. Zomato has one.
But I keep wondering what problem is it actually solving?
Ordering  for me has always been a visual, choice driven experience . Do we really need an AI agent ordering it for us?  I do see 1 or",0,0,0,0,2025-10-25,2025-10-27
1982710536828772770,1966316095117381632,2025-10-27 07:26:43+00:00,"@peebsvibin @MenschPursuit @alok_kr_18 @EarfulOfBabel @kapsology @Zoho @Arattai The Swiggy, zomato and postman. Solved a real problem and stream line the process. Swiggy zomato for food ordering. Postman for backend testing.  A messaging app with trust me bro encryption. People who defend this just think First cars didn't have seatbelts so its ok today also?",0,1,1,0,2025-10-25,2025-10-27
1982710403336642960,2365373479,2025-10-27 07:26:11+00:00,@VaibhavSisinty Zomato got an MCP??? Send link,0,0,0,0,2025-10-25,2025-10-27
1982708436321316909,100533128,2025-10-27 07:18:22+00:00,@JayneshKasliwal They help scale. Zomato is still loss making and still darling of biggies,0,0,0,0,2025-10-25,2025-10-27
1982708205194248414,3345234918,2025-10-27 07:17:27+00:00,"@pmnm2405 @StartusharMr They started ONDC to combat Amazon, Zomato &amp; Swiggy. What happened to that? What did they learn from that failure? Did they implement any of those learnings in ONDC itself? Did they bring any of those learnings to this platform?",0,1,0,0,2025-10-25,2025-10-27
1982708001724301679,487685617,2025-10-27 07:16:39+00:00,"@NalinisKitchen Zomato won't lose anything, if any offer programs are run by zomato restaurants should shed their margin to participate in the program, ultimately the loss will be borne by restaurants.",0,0,0,0,2025-10-25,2025-10-27
1982707901396348962,941984479,2025-10-27 07:16:15+00:00,@VaibhavSisinty Will be curious to see if Zomato opens their MCP for every client to use.,0,0,0,0,2025-10-25,2025-10-27
1982707726188007428,986218415374217216,2025-10-27 07:15:33+00:00,"@Uber_Support @Uber_India 
When I purchased Uber One, I was promised 3 months complimentary Zomato Gold, which would supposedly be mailed to me within 3 working days.

Well Its been a month.

Refer to screenshot and send me the Zomato Gold code please. https://t.co/3S30zCA2GQ",0,1,1,0,2025-10-25,2025-10-27
1982707459128259032,3611304193,2025-10-27 07:14:29+00:00,"@zomatocare Hi. This issue still persits. Not able to link my zomato and air india id’s

@airindia",0,1,0,0,2025-10-25,2025-10-27
1982707314428944857,1051691636827119617,2025-10-27 07:13:55+00:00,@zomato @zomatocare any particular reason why nutritional info has been pulled off the app? Especially in case of QSR (case in point - @StarbucksIndia) where restaurants have standardized measures?,0,0,0,0,2025-10-25,2025-10-27
1982705388844896402,1588745863853010944,2025-10-27 07:06:16+00:00,@deepigoyal My name is Phul Mohammad and I am a delivery boy working in Zomato. I am facing problem in my payout since last 2 weeks. I am not getting my incentives. From 13th October to 19th October - 835 rupees and from 20th October to 26th October - 1100 rupees,0,1,0,0,2025-10-25,2025-10-27
1982705065078223144,895894073659203584,2025-10-27 07:04:59+00:00,"MC Interview: Lenskart's Peyush Bansal in a lengthy chat with @chandrarsrikant and me. How he wants to be like Jio, why every D2C brand should be global, what it means to be a Promoter, on how TAM does not matter and he'll have a book on him/Lenskart, like Deepinder Goyal/Zomato",0,1,0,0,2025-10-25,2025-10-27
1982704900133019968,988362975617601536,2025-10-27 07:04:19+00:00,"@yashmjain_ Hi Yash, as of now we don't have an option to give a compiled report of your order history. You can access the summary of your previous orders directly from the Zomato app by visiting the ""Your orders"" option in your profile or by chat support. Hope this helps. If you have any https://t.co/jcTFuGT2Se",0,0,0,0,2025-10-25,2025-10-27
1982704819455586585,1483706393870094336,2025-10-27 07:04:00+00:00,@zomatocare @zomato @zomatocare  didn't heard back anything from you is this should I expect from your side ?,0,1,0,0,2025-10-25,2025-10-27
1982703949363720426,1432663872360513536,2025-10-27 07:00:33+00:00,"Order id : 7418195447
@zomato
 
@zomatocare
 
Recieved rotten food. I need refund.
No proper response in emails and App. https://t.co/VT17zYyzxg",0,1,0,1,2025-10-25,2025-10-27
1982703839200661560,903718863795130368,2025-10-27 07:00:06+00:00,@zomatocare How can a company be so dumb if the zomato executive also confirmed with restuarant than how can u put all blame on me???? And today morning you imposed penalty on me for that order IM DONE WITH ZOMATO not gonna work in zomato after this they don't help riders,0,1,0,0,2025-10-25,2025-10-27
1982702409571819991,1679822431597506562,2025-10-27 06:54:25+00:00,"Zomato and Swiggy both use fake or AI images so trusting food on image is bad idea
The restaurant should be responsible for sending as per the advertisement and platforms should check and verify ✅ before 
This is a scam https://t.co/kVzTG9muIk",0,0,0,0,2025-10-25,2025-10-27
1982702201249337839,1982697510599847937,2025-10-27 06:53:36+00:00,Please Activate my zomato Id FE3771930 @zomatocare @zomato @Zomato_delivery https://t.co/OJH11r6XbU,0,1,0,0,2025-10-25,2025-10-27
1982701466247921792,1982697510599847937,2025-10-27 06:50:41+00:00,"Please Activate My zomato Id 
FE3771930 https://t.co/sMUjvXBoWG",1,0,0,0,2025-10-25,2025-10-27
1982701165734461837,140704276,2025-10-27 06:49:29+00:00,"@NalinisKitchen you got no discount you paid extra, menu seen on zomato is 15-30%  higher than the original menu of restaurant they raise the price and give discounts to fools like you",0,0,1,0,2025-10-25,2025-10-27
1982700340677071296,4852671254,2025-10-27 06:46:12+00:00,"Red book from Zomato and 
Red book from facebook https://t.co/fqyljIKGSo",0,0,0,0,2025-10-25,2025-10-27
1982700180295348661,1679596082517639172,2025-10-27 06:45:34+00:00,"I ordered 4 pieces of chicken but received only 1. I paid the full amount and this is unacceptable. I have already mailed support with no valid response so far. Please take responsibility for this service issue and resolve it urgently
My order ID - 7417261739
@zomatocare @zomato https://t.co/JCasAFHbDQ",0,2,3,1,2025-10-25,2025-10-27
1982699864535560690,1307692560840704000,2025-10-27 06:44:19+00:00,"Looking good for positional                 
Views are for educational purpose              
#Nifty #banknifty #StockMarket #stockstowatch #optiontrading #optionbuying #trademega #frontpage_app #investing #TradersDiary #StocksToBuy #eternal #StocksInFocus #zomato #StockMarketNews https://t.co/h0lXeqGfbg",0,0,1,0,2025-10-25,2025-10-27
1982698969563283552,1162744872,2025-10-27 06:40:45+00:00,"""@ZomatoIndia's customer care is a mess! No phone support, just automated messages. How to resolve emergency issues? Frustrating experience! #Zomato #CustomerSupport""",0,1,0,0,2025-10-25,2025-10-27
1982698757319012414,1197729412159983616,2025-10-27 06:39:55+00:00,@rishibagree But still Zomato guy is running for Rs 25 per delivery,0,0,0,0,2025-10-25,2025-10-27
1982698684941783329,1513855433638785027,2025-10-27 06:39:37+00:00,"@varunramg Zerodha's recent AMA is , I think , a perfect illustration of how that company operates. I strongly believe zerodha and eternal (zomato) are what future startups of India will look like.  Look at companies Deepinder has invested in completely orthogonal to how traditional",0,1,13,0,2025-10-25,2025-10-27
1982698487171985674,2509622862,2025-10-27 06:38:50+00:00,"What's with the letter ""z""? Every company with ""z"" explodes.

Zerodha,Zoho,Zomato,Zepto,Zoom.",0,0,0,0,2025-10-25,2025-10-27
1982697853312291218,1982506286265864192,2025-10-27 06:36:19+00:00,the cake is fully spoiled and it was too small just upper cream and still the cream placing was also not .good moment wasted it was a birthday celebration my order id was 7420370662 contact me for more info and help me @zomato @zomatocare @deepigoyal,0,1,0,0,2025-10-25,2025-10-27
1982697739843756536,1067084014861905920,2025-10-27 06:35:52+00:00,"Sanjeev Bikhchandani's $3.2B secret? Patience.

He built the Info Edge engine (Naukri) and became the first investor in Zomato &amp; Policybazaar. Ecosystem builder &gt; Quick startup. 👇

https://t.co/glleFKEx9J

#SanjeevBikhchandani #Naukri #Zomato #IndianTec",0,0,0,0,2025-10-25,2025-10-27
1982696569377116229,1628544804,2025-10-27 06:31:13+00:00,"@zomato @zomatocare there is limited option,no option regarding delivery and behaviour of delivery partner and ur customer care need to listen don't take favour. after handover the delay parcel,delivery partner can't take photo of my house inside it's a crime against the privacy https://t.co/yePrgvhWC2",0,1,0,0,2025-10-25,2025-10-27
1982696048205390175,92773142,2025-10-27 06:29:09+00:00,"@zomatocare I would like to request a complete export of my personal data, as per my data privacy rights. Please include my entire order history with dates and total amounts.

On which email should I reach out to you? There is no option to request this on Zomato app",0,1,0,0,2025-10-25,2025-10-27
1982696002491736117,288657685,2025-10-27 06:28:58+00:00,@amitbehalll @albinder @deepigoyal I think they're scaling this. I see a lot of Blinkit/Zomato ambulance in Chennai,0,0,10,0,2025-10-25,2025-10-27
1982695243771466100,1720665183188922368,2025-10-27 06:25:57+00:00,"@lavanyadeepak @Zomato_india @X @zomato @zomatocare @XSecurity @Support @tncybercrimeoff @Cyberdost @deepigoyal Understood—looping in Zomato's leadership and cyber teams is prudent for confirmation. From checks, Zomato_india still appears unrelated to Zomato (TikTok-focused, unverified, low activity). Official is verified zomato. Let me know if you need more details.",0,0,0,0,2025-10-25,2025-10-27
1982695061335990550,1085864385547923456,2025-10-27 06:25:13+00:00,"@grok @Zomato_india @X @zomato @zomatocare @XSecurity @Support @tncybercrimeoff @Cyberdost @deepigoyal I have roped in their leadership and/as well cybersecurity teams for assistance in this conversation.

#HeadsUp",0,1,0,0,2025-10-25,2025-10-27
1982694834747109864,1720665183188922368,2025-10-27 06:24:19+00:00,"@lavanyadeepak @Zomato_india @X @zomato @zomatocare @XSecurity @Support @tncybercrimeoff @Cyberdost @deepigoyal That's a good step—XSecurity can investigate potential impersonation. Based on checks, Zomato_india still appears unrelated to Zomato (TikTok-focused bio, low activity). Official is verified zomato. If needed, Zomato's support can confirm.",0,1,1,0,2025-10-25,2025-10-27
1982694707160625214,1085864385547923456,2025-10-27 06:23:49+00:00,@grok @Zomato_india @X @zomato @zomatocare @XSecurity @Support @tncybercrimeoff @Cyberdost @deepigoyal I have flagged to @XSecurity for review...,0,1,0,0,2025-10-25,2025-10-27
1982694503426482662,1720665183188922368,2025-10-27 06:23:00+00:00,"@lavanyadeepak @Zomato_india @X @zomato @zomatocare @XSecurity @Support @tncybercrimeoff @Cyberdost @deepigoyal Yes, Zomato_india appears unrelated to Zomato's food services—its bio is about TikTok videos, it has no posts, and only ~1K followers. Zomato's official global/India handle is verified zomato. If it seems suspicious, report via X's tools or to Cyberdost for review.",0,1,0,0,2025-10-25,2025-10-27
1982694299503628510,1085864385547923456,2025-10-27 06:22:12+00:00,"@grok @Zomato_india @X @zomato @zomatocare @XSecurity @Support It means @Zomato_india could be a fake handle targeting @zomato operations in #India?

@tncybercrimeoff @Cyberdost @deepigoyal",0,1,0,0,2025-10-25,2025-10-27
1982693995290706088,1720665183188922368,2025-10-27 06:20:59+00:00,"@lavanyadeepak @Zomato_india @X @zomato @zomatocare @XSecurity @Support Zomato_india doesn't appear to be Zomato's official account—its bio mentions TikTok, not food delivery, and it has few followers with no activity. The official Zomato handle is zomato, which is verified with a blue checkmark and serves India primarily. Zomato still uses some",0,1,0,0,2025-10-25,2025-10-27
1982693723906671013,1085864385547923456,2025-10-27 06:19:55+00:00,"Why isn't @Zomato_india remaining as an unverified handle on @X yet @Grok? Is @zomato stopped region-wise handles?

@zomatocare @XSecurity @Support",0,1,0,0,2025-10-25,2025-10-27
1982693492058132899,1085864385547923456,2025-10-27 06:18:59+00:00,"Ordered Idli &amp; Poori. Got Podi Idli instead—restaurant ran out of Poori.   But the swap was intuitive, matched the price, and hit the tastebuds just right. 

Kudos to @Zomato for hunger empathy and culinary improvisation! 🙌🍽️

@zomatocare @Zomato_india",0,1,0,0,2025-10-25,2025-10-27
1982693458306539647,1162744872,2025-10-27 06:18:51+00:00,Please inform your customer care number Very same fully u have not any contact person #Zomato,1,2,1,0,2025-10-25,2025-10-27
1982692564391154010,607234058,2025-10-27 06:15:18+00:00,"Sold all my Eternal (Zomato) shares today.
With a PE over 1600, it just doesn’t sit right anymore.
They’ve hit a massive market cap, and from here, profits won’t come easy... they’ll have to truly innovate.

Add to that the quiet but steady threat from Reliance’s JioMart and https://t.co/aUUVnDiVTR",0,0,0,0,2025-10-25,2025-10-27
1982691926039285800,4563656594,2025-10-27 06:12:46+00:00,"Order via Zomato, the sealing tape on the packaging is of Swiggy.

Order via Swiggy, the sealing tape on the package is of Uber Eats.

Had not yet had occasion to order from Uber Eats",0,0,1,0,2025-10-25,2025-10-27
1982691384630087862,1922334142320279554,2025-10-27 06:10:37+00:00,Hello @letsblinkit On 14 May 2025 I Ordered Unigen Type C Charger Adapter With Data Cable This Product In Under 1 Year Warrenty And Now This Time This Charger Not Charging My Phn Properly In 30 Min Increase 10 percent so please exchange this product @zomato For More DM Me https://t.co/pO7gLbfJFk,0,1,0,0,2025-10-25,2025-10-27
1982690042712887684,2260615352,2025-10-27 06:05:17+00:00,"Zomato gives you a coupon when delivery fails.
Our government gives freebies when governance fails.

#MondayMotivation #BIRC2025 #ChhathPuja #BiharElection2025",0,0,1,0,2025-10-25,2025-10-27
1982689042383974550,1961849533190832128,2025-10-27 06:01:18+00:00,"I ordered chai from Swiggy, samosa from Zomato, and toothepaste from Blinkit. Meanwhile Rapido guy arrived with the chips before Zepto app could start. 

Felt like the 90s all over again. A cliche scene of all stars like Salman Khan, Saif Ali Khan, Shah Rukh Khan, Aamir Khan, all",0,2,12,0,2025-10-25,2025-10-27
1982688682260988093,1631556252869496832,2025-10-27 05:59:53+00:00,@sandipsabharwal Zomato: You were saying something?,0,0,0,0,2025-10-25,2025-10-27
1982688043422429282,1933028280720109568,2025-10-27 05:57:20+00:00,"🎃 Trick or Treat? How about a spooky-sweet Halloween cake! 👻
100% Veg | Perfect for your party 🕸️
🎂 Order now: 95991 33700
Available on #Zomato &amp; #Swiggy
Follow 👉 @castlecaramel
#HalloweenCakes #CaramelCastle #SpookyTreats #CakeLovers https://t.co/YLdfXeKU23",0,0,0,0,2025-10-25,2025-10-27
1982687836676784297,1900965075131002880,2025-10-27 05:56:31+00:00,It’s been 12hrs and there is no response from you guys @zomato @zomatocare https://t.co/FSAfEO1HPM,0,1,0,0,2025-10-25,2025-10-27
1982687109480915068,1682951150017069056,2025-10-27 05:53:38+00:00,"@SwiggyCares In future?? Aur abhi jo mere pese chale gye uska kya?? @Swiggy  se acha me @zomato  kar leti.
Atleast they care.. response dete h solution dete h",0,0,0,0,2025-10-25,2025-10-27
1982686788184625169,1351090195,2025-10-27 05:52:21+00:00,"@deepigoyal My latest experience with Zomato order was unacceptable. Not only was the service contradictory (missed order vs. mobile issue), but the service executive was intimidating towards me when I asked for clarity. CS behavior and customer safety must be a priority.",0,1,0,0,2025-10-25,2025-10-27
1982686404888133885,764078846824091648,2025-10-27 05:50:50+00:00,@raghavbansal_rb @SahilKapoor Why would you take zomato with such high PE in consideration,0,1,0,0,2025-10-25,2025-10-27
1982685114665759026,1509443309680607233,2025-10-27 05:45:42+00:00,"Restaurant Killer #Zomato &amp; #Swiggy .
There’s greed brought down food quality &amp; Quantity,
Restaurants have to increase price for there commission https://t.co/Vu0nQyGb3t",1,0,0,0,2025-10-25,2025-10-27
1982684887783227856,974308176312053760,2025-10-27 05:44:48+00:00,"@NalinisKitchen Zomato won.
Restaurant won't get even 319😅",0,0,0,0,2025-10-25,2025-10-27
1982684167008878635,2837919894,2025-10-27 05:41:56+00:00,"A historic example: Zomato Ltd. IPO valued the company at ~₹59,600 crore at the upper end of the price band.
When valuations go this high, the onus is on strong earnings and durable competitive advantage.",0,1,0,0,2025-10-25,2025-10-27
1982682728408711431,1379110817988288514,2025-10-27 05:36:13+00:00,@IndiaPostOffice  sir jee ek baar call nahi kar paaye aap log i stay at the same address flipkart and zomato can reach in 5 kins and u have sent it on saturday i.e is 25 clock 5 and today 27 https://t.co/8KLnuu5cR7,0,1,0,1,2025-10-25,2025-10-27
1982682561127322037,426709527,2025-10-27 05:35:33+00:00,"If your salary is still chilling in your bank account, do this 👇

The 50/30/20 rule:
50% → Needs (Rent, EMI, Internet)
30% → Wants (Zomato, Netflix, gadgets)
20% → Savings (the BORING part we ignore, then regret)",0,1,0,0,2025-10-25,2025-10-27
1982682323167666404,1561214213653114881,2025-10-27 05:34:36+00:00,@zomatocare any update? @zomatocare @zomato,0,1,0,0,2025-10-25,2025-10-27
1982682089955942660,1060801970678550528,2025-10-27 05:33:41+00:00,@NalinisKitchen Sometimes zomato does offer good offers,0,0,0,0,2025-10-25,2025-10-27
1982680053755650546,1242713625329983488,2025-10-27 05:25:35+00:00,"@NalinisKitchen Platform fee ?
Also You showing this as some achievement ? If you are getting service from Zomato they have every right to be paid .",0,0,0,0,2025-10-25,2025-10-27
1982680005521105376,1584891677659267072,2025-10-27 05:25:24+00:00,"@ixigo In India @nsitharaman @nsitharamanoffc @jagograhakjago all such things are common due to #electoralbonds in other countries @Swiggy @zomato @ixigo these are would have been banned, if you see such kind of charges leave them forever",0,0,0,0,2025-10-25,2025-10-27
1982677948974154078,1613794334532567041,2025-10-27 05:17:14+00:00,@NalinisKitchen But in most of the cases Zomato charges more,0,0,0,0,2025-10-25,2025-10-27
1982677679511085137,1750489921649885184,2025-10-27 05:16:09+00:00,"@Swiggy New service in Bihar 😂

@Swiggy Are you trying to build a competition for @Uber_India and @rapidobikeapp now?

@zomato See you competitor is in a new field now? What are your plans? https://t.co/R8LymPcMT4",0,0,1,0,2025-10-25,2025-10-27
1982676607602208940,460771097,2025-10-27 05:11:54+00:00,"@MenschPursuit @alok_kr_18 @EarfulOfBabel @kapsology @Zoho @Arattai I’ve built in India for close to a decade, son! Sit down. And yes, Indian apps for the most part are shit. OTOTH the best few we have are world class- examples Zomato, Swiggy, Postman. Guess what- none plaster nationalism to sell their wares. Maybe, there’s a lesson to learn?",0,2,0,0,2025-10-25,2025-10-27
1982676297202757798,1978136608806178817,2025-10-27 05:10:40+00:00,"@ChanderBhatia01 U have done great sir. But don't you feel, models like zomato should be studied carefully where profitability might be a matter of choice vs markets expansion like Amazon did 10-15 years ago?! Just thinking aloud, am a fan.",0,0,0,0,2025-10-25,2025-10-27
1982676038103752985,53878268,2025-10-27 05:09:38+00:00,Uninstalled Amazon Swiggy Zomato Twitter from my phone due to storage issues and I realized I don't really miss any of them!!,0,0,2,0,2025-10-25,2025-10-27
1982675849305546988,1100942954259193857,2025-10-27 05:08:53+00:00,"@zomatocare Nobody seems to check anything! @zomato_in always says it’s not their job to check the quality or packaging of food. If you don’t check these basics, what do you actually check? Customers deserve better quality and accountability. @zomatocare @FSSAIIndia @foodauthorityindia",0,0,0,0,2025-10-25,2025-10-27
1982674926147715075,1246863816035414018,2025-10-27 05:05:13+00:00,"@NalinisKitchen Mostly menus have inflated prices restaurants pass the commission levied by zomato/swiggy to customers.
And Not everytime restaurants offer discount coupons",0,0,6,0,2025-10-25,2025-10-27
1983450466244800780,37626691,2025-10-29 08:26:56+00:00,@zomatocare @zomato you are delaying orders every day. Is this how you operate in @ZomatoUAE @ZomatoSA @ZomatoUK @ZomatoIE @ZomatoItalia or orders get delivered on time over there? Plus your customer support is getting worse day by day.,0,1,0,0,2025-10-27,2025-10-29
1983450272807751934,44430894,2025-10-29 08:26:10+00:00,"Zomato’s Deepinder Goyal teams up with Surobhi Das to launch LAT Aerospace, aiming to connect India’s small towns with STOL aircraft and “air-stops.” $20M investment backs their bold vision to make regional air travel as easy as boarding a bus. 

 #startup #aviation #India",0,0,1,0,2025-10-27,2025-10-29
1983450016380600489,1466358900093952000,2025-10-29 08:25:09+00:00,"@NalinisKitchen am the one, who never bought anything from these new age fraudsters calls startups😂😂, lenskart,zomato,swiggy, licious tc.",0,0,0,0,2025-10-27,2025-10-29
1983449698057998486,1291783412143906817,2025-10-29 08:23:53+00:00,@VadaPav8 @AyushiiDoshiii @zomato What you mentioned are all heavily accent influenced words. There is no grammatical errors in this. Stucked and stucking aren’t even words but people use it.,0,0,1,0,2025-10-27,2025-10-29
1983449369140658299,1700022462917025792,2025-10-29 08:22:34+00:00,"5️⃣ Premium Gift-Card Hack

Use premium cards like HDFC Infinia, IndusInd Emerald Private Metal Credit Card, or Diners Club Black Credit Card to buy Swiggy / Zomato / Amazon gift cards, then spend those, effectively stacking more value.

There are running offers too, like Axis",0,2,6,0,2025-10-27,2025-10-29
1983449112566714798,2171634145,2025-10-29 08:21:33+00:00,"Zomato valuation was somewhat justifiable precisely because they weren't doing this. 

They were an aggregator selling ad space etc. and their own cash flow was not required for their expansion.

Lenskart is the opposite of this. https://t.co/k1D0yqMGDR",0,0,0,0,2025-10-27,2025-10-29
1983448622596534313,500669196,2025-10-29 08:19:36+00:00,"@talinashro @modejawjawjaw 4/ 
Big thanks to our reviewers - Madhusudhan (https://t.co/vg98rb5It6), @jatin_katyal13 (Zomato), Rolland (Rubrik), Giridharan (Hasura), Upendra (Ixigo), Tejas (ex-Jiva), Prakhar (Sharechat), and Nikhil (PhonePe).
And to Anjali Jindal for volunteering to coordinate the pitches",0,1,1,0,2025-10-27,2025-10-29
1983448166541500898,1983446418753814528,2025-10-29 08:17:48+00:00,"I really wish Zomato recognizes and rewards such hardworking, humble, and kind people. They are the real reason your service feels so human and heartwarming.

Please do appreciate him — he truly deserves it. 
His name is Deepak Singh https://t.co/PF49coVEUW",0,0,0,0,2025-10-27,2025-10-29
1983448145720996214,1983446418753814528,2025-10-29 08:17:43+00:00,"@zomato @zomatocare @Zomato_delivery @deepigoyal 

Hi Zomato Team,

Today, I had one of those moments that really touched my heart. I wasn’t feeling well and was lying on my bed when your delivery partner called and said politely,  Sir, please collect your order.”",0,1,0,0,2025-10-27,2025-10-29
1983448016230244670,1338394930276757506,2025-10-29 08:17:12+00:00,"@zomato i order a shahi paneer that is delivered undercooked. I want my refund right now 
Nobody is listening in your customer support",0,1,0,0,2025-10-27,2025-10-29
1983447021563588650,2551882021,2025-10-29 08:13:15+00:00,@zomatocare @zomato  please update this 🙏  as pending since long time . https://t.co/a92s0VoMJQ,0,1,0,0,2025-10-27,2025-10-29
1983446863220224089,1902602496088178688,2025-10-29 08:12:37+00:00,@doctorleels @Swiggy Zomato is always better 🙂‍↕️,0,1,1,0,2025-10-27,2025-10-29
1983446742411686124,1892522476804177920,2025-10-29 08:12:08+00:00,@zomato plz sir I'd plz active karado plz sir https://t.co/dGyDlg9oav,0,1,0,0,2025-10-27,2025-10-29
1983446706730783190,86046157,2025-10-29 08:12:00+00:00,"@AyushiiDoshiii @zomato Whenever I see delivery boys riding bikes at high speed, that too without wearing helmets, the first thought that occurs to me is why they are putting their own life in peril and that of others too with dangerous driving? The fact is no one can control the traffic on roads except",0,0,0,0,2025-10-27,2025-10-29
1983446689437626495,1583738180238733317,2025-10-29 08:11:56+00:00,"@imYadav31 Gold doesn't save you from ever rising ""Platform Fees"" / Rain Fees &amp; this limit of ""free delivery"" above Rs. 49 / 99 / 149 is now 199 &amp; may be 499 by 2030 in Gold membership :) @zomato",0,1,5,0,2025-10-27,2025-10-29
1983446356883845544,1932632809991999488,2025-10-29 08:10:36+00:00,"@Ashish6446 @AyushiiDoshiii @zomato That's exactly what I called out.

But then it's easier to accept-avoid if certain intellectually constricted minds remain incapable of seeing beyond simplistic narratives, and are really happy about it.
We don't want to steal their thunder 😁",0,0,0,0,2025-10-27,2025-10-29
1983446057091772856,1253187946917752832,2025-10-29 08:09:25+00:00,Ordered panner pepper bowl from freshmenu through @zomato inside the packaging both panner and chicken mixed and by seeing it you cannot identify which is panner and chicken.Tried to complain this to @zomato but their chat service is pathetic it's always suggesting to send email https://t.co/olf8S21sEj,0,1,0,0,2025-10-27,2025-10-29
1983445893971071083,1983442256918175744,2025-10-29 08:08:46+00:00,"Hey @zomato @zomatocare @deepigoyal,
I ordered from Maa Akashdeep Dhaba (Order ID: 7408504830, 23 Oct 9:59 PM) — food arrived spilled &amp; not consumable due to poor packaging.
It’s been 5–6 days and @zomatocare hasn’t replied to my mail.
Please check and issue a refund. https://t.co/sgLihB6vrr",0,1,0,0,2025-10-27,2025-10-29
1983445536368931198,3268748988,2025-10-29 08:07:21+00:00,"I sent an email with complaint of completely soggy and low quality food delivery on 25th Oct. 

Still got no response.  Ticket ID received through email is 122829868. It’s not good see you don’t care anymore about complaints and feedbacks.

@zomatocare 
@zomato",0,1,0,0,2025-10-27,2025-10-29
1983445185699971487,589200293,2025-10-29 08:05:57+00:00,"@akashtiwari1007 I ended up paying for it after the free trial

delivery timelines vary immensely compared to zomato",0,1,1,0,2025-10-27,2025-10-29
1983443383940259880,1983439008761004032,2025-10-29 07:58:47+00:00,Ordered from Zomato: bland &amp; raw. Helpdesk says email. Email says nope. Result? Starving while they shuffle paperwork. Classic Zomato.@zomato @zomatocare #Zomatosucks,0,1,0,0,2025-10-27,2025-10-29
1983443332182520082,902533674565984256,2025-10-29 07:58:35+00:00,@AyushiiDoshiii @zomato Same reply was given to me happened to my delivery from amazon @amazonIN i told them give me hospital address or delivery boy contact so that I can help him. They were caught in trap,0,0,3,0,2025-10-27,2025-10-29
1983443043253727483,856563316952416257,2025-10-29 07:57:26+00:00,@darshanvmehta1 That cud be tech company as well if had been colab with zomato,0,0,0,0,2025-10-27,2025-10-29
1983443013922943227,114132396,2025-10-29 07:57:19+00:00,"@AyushiiDoshiii @zomato Delivery boy met accident, bike got punctured, most of the time these are excuses made by the executives in case of non delivery. Sometime it may be true, but most of the time this is not true",0,0,0,0,2025-10-27,2025-10-29
1983442798524412160,1883488935315484672,2025-10-29 07:56:28+00:00,@deepigoyal @zomatocare  we r humans not robot ur behaviour is very rudely the agent who promised me yesterday for refund might she forgot may be any issues but ur handling the query is very rude Zomato u can ask  Danish about the conversation on refund not respond is not a way..,0,1,0,0,2025-10-27,2025-10-29
1983442663274938670,1293952558843666433,2025-10-29 07:55:56+00:00,@AyushiiDoshiii @zomato Scam bro scam.,0,1,2,0,2025-10-27,2025-10-29
1983442568252903887,3094134012,2025-10-29 07:55:33+00:00,@AyushiiDoshiii @zomato Great message you've passed on to society. We really need to consider others' points of view as well.,0,0,0,0,2025-10-27,2025-10-29
1983442553631584527,1168066798421336070,2025-10-29 07:55:30+00:00,"@axar_H @AyushiiDoshiii @zomato No sir, these are gems because they are untouched yet. Once you standardize them, they will lose all their value.
थ्योरी for theory in North, अग्नेष्ट for against in South, भेरी for very in East, स्नेक for snack in West .. Can't be standardized because they are so locally grown‼️",1,1,1,0,2025-10-27,2025-10-29
1983442327667675362,1486174640745910276,2025-10-29 07:54:36+00:00,@megzie0925 @AyushiiDoshiii @zomato We should nuke new delhi 🤔,0,0,0,0,2025-10-27,2025-10-29
1983442326602371227,589200293,2025-10-29 07:54:35+00:00,Swiggy Black &gt;&gt;&gt;&gt;&gt; Zomato,0,1,2,0,2025-10-27,2025-10-29
1983442009387085876,1983439008761004032,2025-10-29 07:53:20+00:00,Ordered from Zomato: bland &amp; raw. Helpdesk says email. Email says nope. Result? Starving while they shuffle paperwork. Classic Zomato.@zomato @deepigoyal @zomatocare,0,1,0,0,2025-10-27,2025-10-29
1983441978869330128,1289603250287599622,2025-10-29 07:53:12+00:00,@InvesysCapital @VishalRChauhan1 Isn't companies like zomato when included in nifty screws pe considerably. Imho not right way to look at nifty pe,0,0,0,0,2025-10-27,2025-10-29
1983441905200570386,1451798265154834434,2025-10-29 07:52:55+00:00,"Over the year I have learnt this thing from Platform business. 

In the beginning of my stock market journey I have missed Zomato because of its aggressive PE.

And from CarTrade even though I have joined the journey at much later stage but a lesson for me. 

&gt;Operating leverage",1,2,15,0,2025-10-27,2025-10-29
1983441293222248844,568092650,2025-10-29 07:50:29+00:00,@sandipsabharwal you are 100 % correct. But what about those high pe stocks like Kalyan and zomato Ola naykaa paytm and many more list goe on and on.why about those fund managers who have invested humongous money and made it grand success.they all should introspect themselves https://t.co/mPUjZfYItO,0,0,0,0,2025-10-27,2025-10-29
1983439633485852989,1748197283261222912,2025-10-29 07:43:53+00:00,@AyushiiDoshiii @zomato Never call mcdonald or dominoes from zomato and swiggy always pathetic service use individual app,0,0,0,0,2025-10-27,2025-10-29
1983439577101807923,1757012038348623872,2025-10-29 07:43:40+00:00,"guys , have u made profits in our #irctc or #concor #eternal #zomato trades which we posted here for free???

#nifty #sensex #giftnifty #btst",0,0,0,0,2025-10-27,2025-10-29
1983439551961153787,1610896170821505024,2025-10-29 07:43:34+00:00,"@letsblinkit I ordered a product from Blinkit that arrived defective. 
I’ve contacted support multiple times but haven’t received help yet. 
Please assist with a replacement or refund. 
Order ID: ORD20237810495

@blinkitcares @zomato @zomatocare @jagograhakjago",0,2,0,1,2025-10-27,2025-10-29
1983439162545258846,1281881120963887104,2025-10-29 07:42:01+00:00,"@AyushiiDoshiii @zomato It's pathetic to see people stealing food parcels... It's not that they can't afford, it's just the utter low-level mentality of some that makes us a laughingstock around the world.",0,0,0,0,2025-10-27,2025-10-29
1983439127610839383,1406942531024130053,2025-10-29 07:41:53+00:00,@hajarkagalwa Zomato is better..they suggest roti with gulab jamun at least 😂,0,0,0,0,2025-10-27,2025-10-29
1983438816716435584,26183837,2025-10-29 07:40:39+00:00,@AyushiiDoshiii @zomato Often these delivery riders take wrongside driving or fast driving to deliver food early which sometimes leads to accident. This might not be the case here but still thought of saying it.,0,0,1,0,2025-10-27,2025-10-29
1983438795623297254,91975129,2025-10-29 07:40:34+00:00,"@dhanashree0910 My cook also tried the same
Once I did not say anything and the next time when I restocked 
I said I need 3 days advanced notice
If not, that day's meal will be ordered from zomato and deducted from your salary
Never faced that issue since 2021",1,1,7,0,2025-10-27,2025-10-29
1983438449786204249,862889602973143041,2025-10-29 07:39:11+00:00,"😍🍕🍔🍟🥪🌯🧋
FOODBOSS NOW in Bharuch

🛵Your Food &amp; Grocery Delivery Partner...

👌Download Now &amp; Get Upto 30% Lower then Swiggy &amp; Zomato

🤩Menu Rates Are Actual As Restaurant Menu

To Register Your Restaurant &amp; Food Business Contact Us Now On 6352206422 https://t.co/wGu6IKHVEV",0,0,0,0,2025-10-27,2025-10-29
1983438354759942277,75789991,2025-10-29 07:38:48+00:00,"@NalinisKitchen Its all about right packaging/marketing a business idea. He did it! As a customer, one has a choice. For that matter, there was a business 'Meals on Wheels' that folded up but Zomato thrived though started as a competition to Burrp!! OYO is nothing but glorified Make myTrip.",0,0,0,0,2025-10-27,2025-10-29
1983438115252674968,1646706148064759808,2025-10-29 07:37:51+00:00,@AyushiiDoshiii @zomato Have heard lot of delivery accident stories. Who knows whats true,0,0,0,0,2025-10-27,2025-10-29
1983437590285234451,1213343684009193473,2025-10-29 07:35:46+00:00,"Apply for the Lifetime FREE RIO Credit Card &amp; Earn assured cashback on EVERY Scan &amp; Swipe 🔥🔥

👉 Apply Now: https://t.co/yHHtihdVgf

Benefits:
• 1+1 Movie Tickets on District &amp; BookMyShow 🎬
• Flat ₹150 Off on Zomato 🍕
• 40% Off on Swiggy Food &amp; Instamart 🍔 https://t.co/32DTqPxcvj",0,1,1,0,2025-10-27,2025-10-29
1983437265390239795,1983434901224660992,2025-10-29 07:34:29+00:00,"Yesterday while travelling in train, I ordered from Burger King from Bhopal, the packaging of which was completely damaged, the cold drink was completely empty, I even spoke to Zomato support but no solution was found my 653 rupees were wasted. @BurgerKing @IRCTCofficial @zomato",0,2,1,0,2025-10-27,2025-10-29
1983437018345681224,45748472,2025-10-29 07:33:30+00:00,"@zomato @zomatocare well done.

Big salute to you!!! For providing a life of dignity.",0,0,0,0,2025-10-27,2025-10-29
1983437008065482991,1796813823636389888,2025-10-29 07:33:27+00:00,"@sahilbhadviya That's just Lazy analysis

Every tom dick and harry mf house today holds zomato - doesn't mean don't invest in them",0,0,0,0,2025-10-27,2025-10-29
1983436653910995246,1072162185571381249,2025-10-29 07:32:03+00:00,@AyushiiDoshiii @zomato You constantly calling him might be the only reason it happened. 😒,0,0,0,0,2025-10-27,2025-10-29
1983436442912338350,45748472,2025-10-29 07:31:13+00:00,"@zomato @Zomato_delivery 

Big respect to you for providing a platform to differently abled superheroes. I ordered a birthday cake and it is being delivered by one such superhero. Restaurant called to inform me that the cake may be a bit smashed because of handling.  1/2",0,2,0,0,2025-10-27,2025-10-29
1983436293079216505,1081391768233361411,2025-10-29 07:30:37+00:00,"@deepigoyal My name is omprakash Singh, and I am currently registered as a Zomato Delivery Partner (ID:  FE5227875)

I am a Person with Disability (Hearing Impairment) and I hold a valid Medical Certificate and UDID Certificate.

I kindly request your support for:

Approval under Zomato’s",0,0,0,0,2025-10-27,2025-10-29
1983436140544762270,1838127279295143936,2025-10-29 07:30:01+00:00,"Day 153, Blinkit order 1041299582 Protein delivered damaged leaking by 30 May Contacted support no resolution Need immediate replacement  @letsblinkit @blinkitcares @zomato @zomatocare",0,0,0,0,2025-10-27,2025-10-29
1983436137399263364,2892512942,2025-10-29 07:30:00+00:00,"Owning a dining #CreditCard can lead to significant savings on food delivery &amp; dining out. With cashback, discounts &amp; rewards, issuers like  @HDFC_Bank  &amp; @AxisBank  offer exclusive deals and benefits with Zomato &amp; Swiggy. Here's a comparison of the best value-back options. https://t.co/44CtLZyqTO",0,1,0,0,2025-10-27,2025-10-29
1983435975788498974,60256614,2025-10-29 07:29:21+00:00,"DM Ans: well look as much as you enjoy Zomato Services, they have been bleeding investor money infact they had to fix their unit economics right before their IPO, not ruling out ur valuation mindset but for me that’s like a sham, u have got to be unit economics positive!",0,1,0,0,2025-10-27,2025-10-29
1983435898336465013,1856686355809476608,2025-10-29 07:29:03+00:00,"@miless_15 @rapidobikeapp Audacity of having money
She easily would have paid him instead she choose to get some money for her blue tick n posted a video for ₹20 she is doing all this drama
I remember zomato girl’s incident playing victim card
So cant say who’s at fault without knowing full story",0,0,10,0,2025-10-27,2025-10-29
1983435874001145960,1856686355809476608,2025-10-29 07:28:57+00:00,"Audacity of having money
She easily would have paid him instead she choose to get some money for her blue tick n posted a video for ₹20 she is doing all this drama
I remember zomato girl’s incident playing victim card
So cant say who’s at fault without knowing full story https://t.co/nHV0jSyiJE",0,0,3,0,2025-10-27,2025-10-29
1983435613987844475,110183943,2025-10-29 07:27:55+00:00,"@sahilbhadviya What exactly is the reason for such negativity about Lenskart only, when all such startup IPOs like zomato, swiggy, pb fintech, paytm, naykaa came with obnoxious valuations &amp; most of them gave handsome returns &amp; even business improvement after IPO.
Why single out Lenskart?",0,0,1,0,2025-10-27,2025-10-29
1983435452079378893,1222383509202849793,2025-10-29 07:27:16+00:00,nobody gave a damn when “dividend funds” subscribed to zomato ipo but everybody is behind lenskart now 😭🤣 https://t.co/hM7hdR5MiE,2,1,28,0,2025-10-27,2025-10-29
1983434956882973032,1720665183188922368,2025-10-29 07:25:18+00:00,"@MalakShah01 @imYadav31 Zomato Gold allows stacking multiple memberships, extending validity each time. Users can buy or redeem cheap extensions (like ₹30 for 6 months) repeatedly, potentially reaching 2035 with enough stacks. No apparent limit, as seen in similar posts up to 2028+.",0,0,0,0,2025-10-27,2025-10-29
1983434507132006402,1883488935315484672,2025-10-29 07:23:31+00:00,@zomatocare @deepigoyal was placing order everyday but ur agent Danish yesterday promise for both refund and compensation but not iniated my refund this is the new scan...I always trust on Zomato premium customer but now as ur cancellation delay and refund scam is genuine...thank https://t.co/Q3dcI9bKMz,0,1,0,0,2025-10-27,2025-10-29
1983434117133070340,171820929,2025-10-29 07:21:58+00:00,"@AyushiiDoshiii @zomato Whatever may be the case, if it was any sort of scam they wouldn't have refunded u ur whole amount",0,0,17,0,2025-10-27,2025-10-29
1983433677922283674,911174531594698753,2025-10-29 07:20:13+00:00,"During Deepawali shopping, @letsblinkit issued fraudulent @zomato coupons to their customers which didn’t work despite the fact that both Blinkit and zomato are from the same company. They intentionally fooled customers! @FinMinIndia @jagograhakjago @RBI @ndtv @ANI @PTI_News",0,1,0,0,2025-10-27,2025-10-29
1983433529745911872,3118313324,2025-10-29 07:19:38+00:00,@zomatocare @zomatocare @zomato What is the update on the query I raised??#ConsumerRights #consumerProtection #FoodSecurity,0,0,1,0,2025-10-27,2025-10-29
1983433522565263613,308911990,2025-10-29 07:19:36+00:00,@AyushiiDoshiii @zomato Few days back seen Zepto guy struggling to push 2 wheeler with flat tyre on rainy day. Wondered about his ratings.,0,0,0,0,2025-10-27,2025-10-29
1983433144092209164,1176087463594323969,2025-10-29 07:18:06+00:00,@AyushiiDoshiii @zomato Accidents can happen but someone stealing food seems suspicious,0,0,0,0,2025-10-27,2025-10-29
1983433079822913988,819142684942143488,2025-10-29 07:17:51+00:00,@BritanniaIndLtd I have won zomato voucher in Britannia Chaturthi spin n win contest but still I haven't received zomato voucher yet. All details sent to dm also but no reply @BritanniaIndLtd,0,0,0,0,2025-10-27,2025-10-29
1983432657078992973,1287798190331183104,2025-10-29 07:16:10+00:00,@sag0rika @zomato That's Violation 🤬,0,0,0,0,2025-10-27,2025-10-29
1983432457551769871,1956828625686216704,2025-10-29 07:15:22+00:00,"@AyushiiDoshiii @zomato Didi kaha lawyer ho ap? ""stucked"" at one place likhti ho😭",0,0,0,0,2025-10-27,2025-10-29
1983432291453153415,1963509970114416642,2025-10-29 07:14:43+00:00,@Swiggy That's why @zomato is better then Swiggy,0,0,1,0,2025-10-27,2025-10-29
1983432038708617579,1915324468630781952,2025-10-29 07:13:43+00:00,"@zomato @zomatocare 
How come you are charging extra 25 Rs. as packaging charges for the same Subway order mentioning that it is decided and charged by the restaurant itself but the same is not applied on Swiggy ? And what special packaging are you providing ?
#zomato https://t.co/V1qvw6bv2a",0,1,0,0,2025-10-27,2025-10-29
1983431265786396680,1085864385547923456,2025-10-29 07:10:38+00:00,"@AyushiiDoshiii @zomato Is #Stucked an acceptable word, @AskPerplexity ? I guess the #Stuck itself is sufficient right?",0,0,0,0,2025-10-27,2025-10-29
1983430987309789501,1499389077669380098,2025-10-29 07:09:32+00:00,"@zomato @zomato @zomatocare I received hair in my food ., order id 7419087461
@fssaiindia https://t.co/kxzTCLzmNG",0,1,1,0,2025-10-27,2025-10-29
1983430936298758516,1267509554390216705,2025-10-29 07:09:20+00:00,@SnapmintEmi Dear Snapmint I Try To purchase A Zomato Gift Card But it’s Getting refresh can Your fix This Problem. https://t.co/GDPOIrRyQl,0,1,0,0,2025-10-27,2025-10-29
1983430760519659633,1714523026350575617,2025-10-29 07:08:38+00:00,@AyushiiDoshiii @zomato Not a real accident for sure (99.9%),0,0,0,0,2025-10-27,2025-10-29
1983430622522835059,786464264462606336,2025-10-29 07:08:05+00:00,@zomatocare @deepigoyal you should try to use zomato sometimes and try to reach customer care guy. everytime there is issue you tell us that u r not responsible and restraunt owner says zomato is responsible and we end up paying so much extra for same food and still gt cold and soggy,0,0,0,0,2025-10-27,2025-10-29
1983430357459542369,2537888076,2025-10-29 07:07:02+00:00,"@zomatocare Before the platform fee was less then also we were getting same operation. Now I see a lot of more charges like restaurant packing charge, GST. Delivery partner fee as an extra. Platform fee was 2₹ and now 12.5₹. In case of delay, cold food and spillage, Zomato doesn’t help.",0,1,0,0,2025-10-27,2025-10-29
1983430015363756439,786464264462606336,2025-10-29 07:05:40+00:00,"@zomatocare @deepigoyal i am no longer using zomato, moving to Swiggy. They have customer support and not bots for everything. also most orders I get from zomato is either soggy or cold for which neither u take responsibility nor owner. for pizza dominoes delivery hot pizza everytime.",0,0,0,0,2025-10-27,2025-10-29
1983429194832056475,1969795942334234624,2025-10-29 07:02:25+00:00,@AyushiiDoshiii @zomato Lol...even our companies r scammer,0,0,0,0,2025-10-27,2025-10-29
1983429008261034103,1486301030807924742,2025-10-29 07:01:40+00:00,"I ordered veg pizza and fanta cold drink but received non veg pizza and other brand coca cola Cold drink.. 
I am Hindu Zomato send non veg pizza 😡 
Zomato not solve my problem 
Order I'd --- 7410995875
@zomato @zomatocare @foodsafetygov @ConsumerReports https://t.co/OaP5tJSDXq",1,2,0,0,2025-10-27,2025-10-29
1983428761099124986,1483647215898099715,2025-10-29 07:00:41+00:00,@canihorhi @zomatocare @zomato Stop using!!!!,0,0,0,0,2025-10-27,2025-10-29
1983427443999551818,1738760063878324224,2025-10-29 06:55:27+00:00,@zomatocare @zomato @zomato @zomatocare do you care to reply? Or should I stop using zomato?,0,2,0,0,2025-10-27,2025-10-29
1983427355914948967,919887844235132929,2025-10-29 06:55:06+00:00,@sag0rika @zomato What really?? 🙂😑,0,0,0,0,2025-10-27,2025-10-29
1983426666409169207,1754422906246037504,2025-10-29 06:52:22+00:00,"Craving Something Spicy and Delicious? Try Our Chilly Chicken! 🍗🌶️
Indulge in the perfect blend of juicy chicken, fiery spices, and mouthwatering flavors. 

https://t.co/EDsfUHeI9U……………… https://t.co/Ff6qx9nNTr #chili chicken # #bhubaneswar #mircha #best #cateringservice https://t.co/Fyltcoz2Xz",0,0,0,0,2025-10-27,2025-10-29
1983426628748488821,1972346058937421824,2025-10-29 06:52:13+00:00,"@va_a14 Good swe resume template for zomato 
Check once if you want 

https://t.co/4wjQotLk6m",0,1,5,0,2025-10-27,2025-10-29
1983426575581499519,1381276107685695488,2025-10-29 06:52:00+00:00,@nakulvibhor zomato is winning this race,0,0,0,0,2025-10-27,2025-10-29
1983426534255014016,1771519154673291264,2025-10-29 06:51:50+00:00,"Craving Something Spicy and Delicious? Try Our Chilly Chicken! 🍗🌶️
Indulge in the perfect blend of juicy chicken, fiery spices, and mouthwatering flavors. 

https://t.co/l5Lo29vyPL……………… https://t.co/DyBML823d1 #chili chicken # #bhubaneswar #mircha #best #cateringservice https://t.co/6UNrELrYd3",0,0,0,0,2025-10-27,2025-10-29
1983426428160114758,3286336254,2025-10-29 06:51:25+00:00,"@rahulmimani @Swiggy @SwiggyInstamart @jagograhakjago @zomato @ZeptoNow @zeptocares @zomatocare @rahulmimani We apologize for this inconvenience. To assist you most effectively, could you please provide us with your order ID? 

^Priya",0,3,0,0,2025-10-27,2025-10-29
1983426323067658460,1826601173484548096,2025-10-29 06:51:00+00:00,"Orders chicken Schezwan fried rice from Dimsum momo and Express from Zomato
Got delivered tasteless food with bad ordour smell from the food 
No help from zomato customer care
@zomato @zomatocare",0,1,0,0,2025-10-27,2025-10-29
1983424978344390737,1192065727500410883,2025-10-29 06:45:39+00:00,@internl_combstn @Ravisutanjani @Mysuru Yes same on zomato also,0,0,0,0,2025-10-27,2025-10-29
1983424547333517496,1528681986554208256,2025-10-29 06:43:56+00:00,Please reopen my id FE 1293555 team zomato,0,0,0,0,2025-10-27,2025-10-29
1983424523262406662,89864043,2025-10-29 06:43:51+00:00,"@AyushiiDoshiii @zomato Woah talk about gaslighting the customer??? 😳😳 This is criminal behaviour from the Zomato guys, if true... 😳 ... Guilt tripping customers for expecting their food on time!!!😳",1,0,8,0,2025-10-27,2025-10-29
1983424196081598903,1528681986554208256,2025-10-29 06:42:33+00:00,Teams zomato please reopen my id FE 1293555,0,0,0,0,2025-10-27,2025-10-29
1983423744581554375,843455848538161152,2025-10-29 06:40:45+00:00,"@letsblinkit @zomatocare @zomato When you enabled options like re-order and Rate order, why don’t you enable Return order? Such a pathetic customer service",0,0,0,0,2025-10-27,2025-10-29
1983423342624620846,1022587698,2025-10-29 06:39:09+00:00,"@C0nfYousedSoul @investorniti zomato ipo at ₹76 went under ₹50 &amp; stayed there till mid 2023. same story: paytm, nykaa, delhivery, ola, tracxn, firstcry. these startups sell affluent futures valuation first, utility later.",0,1,0,0,2025-10-27,2025-10-29
1983423140094157029,1983420411200319488,2025-10-29 06:38:21+00:00,@zomatocare Order #7416089810 - Found HAIR in Pista House biryani. Email support rejected complaint saying images don't pass checks?! Insulting &amp; dismissive. Family couldn't eat the food. Need immediate resolution or filing NCH complaint. #Zomato #FoodSafety https://t.co/VA4JLQmhJd,0,2,0,0,2025-10-27,2025-10-29
1983423089934553414,2896334886,2025-10-29 06:38:09+00:00,@AyushiiDoshiii @zomato He never met with an accident... that's a lie...i experienced this many times with Swiggy and zomato 😂😂,0,0,2,0,2025-10-27,2025-10-29
1983422813966086512,1983101131183288320,2025-10-29 06:37:03+00:00,"Hello, Mr.@deepigoyal, @zomato, @zomatocare

 Please be responsible to your customers.
You cannot say“we are just intermediaries”and avoid accountability. If that is the case, who is responsible when the customer receives the wrong or bad food? Please don’t lose your credibility. https://t.co/zmYYaZ7ns1",0,1,0,0,2025-10-27,2025-10-29
1983422809293615199,777279266,2025-10-29 06:37:02+00:00,@AyushiiDoshiii @zomato True./Sorry to hear that. Hope he's all fine.,0,0,0,0,2025-10-27,2025-10-29
1983422795989348857,2510799974,2025-10-29 06:36:59+00:00,@Sidkksid_3108 Zomato has built a platform. It’s an aggregator. It’s not only e commerce. Other metrics don’t apply though.,0,0,0,0,2025-10-27,2025-10-29
1983422770936721464,134522619,2025-10-29 06:36:53+00:00,"@Ravisutanjani Some more ideas for @zomato and @Swiggy 

1. High traffic charges 
2. High AQI level charges 
3. Gated society handling charges / Security check in charges
4. Delivery Navigation charges",0,0,0,0,2025-10-27,2025-10-29
